﻿USER,DATE,STAR,LIKE,TITLE,REVIEW
뿡빵이1,2022-03-23 16:54:04-07:00,1,0,로그인이 안되면 어떻게 사용하란거죠..,로그인시도만 2시간넘게하는데 애플아이디로도 구글아이디로도 가입이안되고 계속 로딩화면만 뜹니다. 와이파이 아래서도안돼 와이파이 꺼도 안돼 어쩌란거죠?
스노우98,2022-03-20 01:21:46-07:00,5,0,비대면진료,아이가 확진인데 편리하게 이용했습니다.
임미히,2022-03-17 16:33:16-07:00,5,0,파트너 잔여포인크가 부족하다는 말이 무슨 말인가요?,앱깔고  본인인증 1회하라고 해서 정보 입력하면 저렇게 나오네요
공원영,2022-01-27 02:06:03-07:00,5,0,요시국,요시국에 매우 좋은 어플인거 같아요 다만 의사선생님과 연결까지 남은시간이 떴으면 좋겠습니다
나니ㅣㅇㅇ,2022-01-24 20:42:43-07:00,5,0,닥터온,이 시국에 원격 진료 좋네요
OOOOSUB,2022-01-23 23:37:51-07:00,5,0,진료를 이렇게 간단하게 볼수있어 좋습니다,따로 시간들여 가는것이아닌 진료를 전화로 상담하고 선생님또한 보통진료보다 더 자세히 여쭤봐주시고 하는게 좋았습니다
모임홀릭,2022-01-18 17:41:16-07:00,5,0,너무 편하고 좋습니다!!!,앞으로 병원갈일 확 줄게 생겼네요. 너무 좋습니다!!
