﻿USER,DATE,STAR,LIKE,TITLE,REVIEW
유나킴88,2022-09-03 00:43:01-07:00,5,0,편해요 ㅠ 신세계,애기들 키우면 편리합니다
사랑기쁨이,2022-09-01 22:44:11-07:00,5,0,ㅋ,ㅋ
Rainmr73,2022-08-30 22:27:44-07:00,5,0,좋아요,잘쓰고있어요
돼지우리네,2022-08-30 16:01:29-07:00,5,0,소아과예약필수어플,잘 사용하고 있어요 병원가서 오랜시간 대기하지 않아도되서 좋아요
러블리서은,2022-08-29 14:59:28-07:00,5,0,편해요,똑딱 있으니깐 너무 좋고 편해요 만족해요
가은바라기,2022-08-28 21:34:39-07:00,5,0,똑닥,좋아요
노랑코끼리,2022-08-26 23:16:16-07:00,5,0,똑닥 편해요,편해요
mmmaaayyyee,2022-08-25 18:00:50-07:00,5,0,좋아요!,잘 쓰고 있어요~
뿅뿅치치맘,2022-08-25 00:55:44-07:00,5,0,너무 좋아요,항상 편리하게 잘 이용하고 있습니다! 감사합니다!
ssangp1,2022-08-24 22:27:28-07:00,5,0,최고최고,편리하고좋습니다
항기오빠,2022-08-23 18:37:09-07:00,5,0,비대면치료,전화로 진료받고 좋네요 ㅎ
방진횬,2022-08-20 22:21:22-07:00,5,0,편리합니다,미리접수되고 편리합니다
aimmvp,2022-08-18 22:17:09-07:00,4,0,굿!,병원갈때는 특히 소아과 갈때는 무조건 똑딱
대소쌥쌥이,2022-08-17 22:54:16-07:00,5,0,굿굿,편리합니다
서로사랑교회,2022-08-16 20:49:47-07:00,5,0,서로사랑교회,좋아요
행복을추구하는자,2022-08-16 19:53:56-07:00,4,0,편리하네요,모르고 았다가 검색을 통해서 알게됐네요  공휴일에 문 연 병원 찾기 일일히 검색하다 이 닥톡을 알게되서 넘 편리하게 사용핬습니다.
유리별상자,2022-08-16 16:18:02-07:00,5,0,편해요,대기 시간도 적고 우선 개인정보를 매번 안적어도 되어서 너무 좋아요
어마어마하게,2022-08-16 12:24:31-07:00,5,0,아즈아주좋음,뚜벅이인 저는 매우 유용하게 잘쓰고있음 현장접수의 치열함을 빠져나와 미리 시간되면 똑딱똑딱~ :)
뀨시은맘,2022-08-13 22:20:21-07:00,5,0,좋아요,너무 좋아요
하니서,2022-08-10 22:35:37-07:00,5,0,짱 편함,짱 편함
로그인해결부탁드려요,2022-08-10 22:15:57-07:00,5,0,잘쓰고있어요.,아기병원접수는 똑딱이최고네요.
김검맘,2022-08-05 21:36:18-07:00,5,0,편하고 좋아요,앞으로도 계속 사용할 거예요
스타바,2022-08-05 17:53:51-07:00,5,0,굳,좋아요
로꿈,2022-08-04 18:31:57-07:00,5,0,좋아요,좋아요
big3349,2022-08-04 03:33:36-07:00,5,0,좋아요,간편하고 좋아요
oVagabonDo,2022-08-03 20:18:26-07:00,5,0,굿,"엄청 편리합니다.

이용중인 의원 병원 등이 있으면 사용하기 좋습니다."
y~수기,2022-08-02 16:59:26-07:00,5,0,편해요,편한 앱이네요^^
유기농야채,2022-08-01 22:36:54-07:00,5,0,편리하고 실시간 알려줘서 좋아요,편리하고 실시간 대기환자 알려줘서 좋아요
션쭌찐이엄마,2022-07-31 17:52:27-07:00,5,0,아이엄마들함테는 너무편하고좋은앱,병원에 대기하는거 아기데리고 힘든데..요즘병원은 전화로 예약도안해주니..뚝딱앱에서 접수해놓고 대기자수보고 가면되니 너무좋음 아기도 덜보채고 진료빨리보고올수있음
토마토링,2022-07-29 22:04:16-07:00,5,0,좋아요,"어쩔 수 없이 오차가 있긴 하지만
대략적인 대기인원 아는게 어디예요
대기 걸고 집에서 기다리다가 내원하니까 편하네요"
밍융밍,2022-07-29 16:36:38-07:00,5,0,좋아요,편리해요 계속 쓰면 삶이질향상
구월만슈,2022-07-27 22:33:30-07:00,5,0,좋아요,예약이 쉬워서 좋아요
이 별명은 이미 사용 중입니다,2022-07-26 20:07:00-07:00,2,0,너무 불편해요 ..,"Ux 개선 좀 해주세요 ..

1. 병원에 따라서 당일 접수 가능한 항목과 필수로 예약해야만 하는 항목이 다른데 안내가 안 돼있어서 내가 받으려는 진료는 어떤 과정을 통해 받아야 하는지 알 수 없음
- 예) 점심시간에 이빈후과 일반 진료를 받고 싶어 오전에 이빈후과 상세 화면으로 들어갔는데 예약 버튼을 누르니까 일반진료가 전혀 없었음
아예 진료가 불가능한 줄 알았으나 병원에 문의한 결과 일반 진료는 상시 접수로만 가능하다는 것을 깨달음
앱에서 미리 알려줬으면 함

2. 사전 문진표에서 뭐가 필수 사항인지 안 나와있음
코로나 확진일자를 적는 란이 있었는데 코로나 확진된 적이 없어 해당 항목 비워두었음
확인 버튼 비활성화였고 눌렀을 때 화면 이동이 안 됐지만
필수항목 누락에 대해 아무런 얼럿이 없었기 때문에 사전문진표 데이터가 통신상의 문제로 전송이 안된 줄 알았음
확진된 적이 없었기 때문에 확진일자 입력이 필수인지 생각을 못했던 것도 있음"
경유역,2022-07-25 20:22:16-07:00,5,0,모든 병원이 사용했으면 좋겠어요,참으로 좋은 어플을 개발 하셨네요
자머뉴,2022-07-24 22:16:42-07:00,5,0,좋아요,편리합니다!
별명은뮤슨 짱나게하네,2022-07-24 19:54:43-07:00,5,0,좋아요,좋아요
꼬미21,2022-07-24 19:13:13-07:00,5,0,매우 만족,"병원가면 기다리다 시간이 많이 걸리는데
똑닥!! 덕분에 시간이 많이 감소되어
너무 유용합니다"
ipodmanura,2022-07-24 01:03:29-07:00,5,0,똑딱,쪼아
유연's 큰딸,2022-07-23 22:32:38-07:00,5,0,원장님이 너무 친절해요~,"똑닥 덕분에 쉽게 접수하고, 너무 편했어요."
ㄸㄱ셔,2022-07-22 22:23:26-07:00,5,0,ㄹㄹㄹ,ㅎㅎㅎㅎ
Whsg19221922@,2022-07-22 17:12:43-07:00,1,0,고쳐주세요,"잘 쓰다가 한번씩 네트워크에 연결 할 수 없다며 먹통입니다ㅠㅠㅠㅠ 삭제해서 깔아도 똑같고 불편해 죽겠어요
오류도 자주 뜨고 애플이라 그런건가요?"
이슬딸기,2022-07-21 17:40:49-07:00,5,0,똑딱 좋아요,친구 추천으로 쓰는데 편리하고 좋네요
뀨쮸뿌쭈,2022-07-20 22:11:09-07:00,2,0,리뷰 만족도 그만 ㅡㅡ,"무슨 배달 어플도 아니고 병원 예약 어플인데 자꾸 만족도 리뷰 남겨달라도 알림오고ㅡㅡ
한번 남겼으면 됐지 방문했을때마다 남기라고 ㅡㅡ
애 아파서 정신없어 죽겠는데 리뷰 만족도 조사할때마다 짜증나죽겠네요"
똑닥고객센터연락안됨,2022-07-19 23:40:49-07:00,1,0,예약기능 자체는 좋아요 고객센터연락이 안되서 문제지,"똑닥으로 예약하고 진료보고 결제까지 어플과 키오스크로 진행하니까 정말 편하더군요
보험서류 발급도 키오스크로 가능해서 발급눌렀더니 어플로 발급완료 되었다고 해놓고 실제로는 발급안됌

고객센터 전화번호도 없고 1:1상담 채팅은 기다려도 연락도 안되고 늦게 나타나서는 자기네 잘못이아니라 병원 시스템오류라 해줄수 있는게 없다는 말만 반복

키오스크에서 발급완료 안떴으면 뒤돌아서 간호사님께 요청했겠죠 ㅎㅎ?

계속 자기네잘못아니다 병원으로 문의하래서
병원에 문의했더니 비대면으로 서류 받는방법은 똑닥뿐이라고 똑닥에 문의하라고; 병원시스템오류 아니라는 말뿐이네요 

결국은 병원 가서 서류 받아오는수 밖에 없어요
★★ 똑닥 키오스크 보험서류 발급완료 믿지말고 병원에 꼭 요청하세요 두번발걸음 해야합니다 ★★"
…3544,2022-07-18 22:49:15-07:00,5,0,마니 편해요,미리 예약하고 갈수 있어서 만힝 기다리지 않고 편함
멍구어멈,2022-07-16 22:27:32-07:00,5,0,친절한 의사쌤과 간호사님😄,시설도 깔끔하고 친절하게 상담해주시고 진찰해주시고^^ 간호사님들도 너무 친절해용😍
Sumi532,2022-07-14 22:52:15-07:00,5,0,편리하네요.,잘쓰구 있어요.
절편송편,2022-07-14 21:49:07-07:00,4,0,편리함,편리해요
미니미입니다,2022-07-13 21:29:35-07:00,5,0,똑딱 좋아요|,아주 유용하고 좋은 어플입니다
도연공쥬,2022-07-13 16:43:27-07:00,5,0,편리해요.,전화안하고 편리합니다.
다연이마미,2022-07-12 06:06:15-07:00,5,0,좋습니다,"아이랑 같이 병원 가기가 훨씬 편해졌어요
많은 병원이 등록되면 좋겠어요
군산 전경호이비인후과 등록해주세오"
대시 좀,2022-07-11 22:16:07-07:00,5,0,편리한 앱,항상 애용중 입니다.
늘살랑하기용,2022-07-11 16:29:42-07:00,5,0,늘사랑하기용,최고입니다
Genie06619,2022-07-10 06:02:16-07:00,4,0,유용해요,잘쓰고있습니다
jjjjjjjjjjjjjju,2022-07-10 03:17:31-07:00,5,0,좋아요,"예방접종 날짜를 기억하기 쉽지않은데 어플에서 정리되어 한눈에 볼수있고, 아기 키나 몸무게 등록도 쉽게 기록할 수 있어서 좋아요!"
맹2,2022-07-09 22:08:14-07:00,4,0,업데이트 후 오류,"오전시간 아이 진료접수만 기다리는데..
갑자기 오류가 되서 들어가지지도 않고 나갔다 다시안되고...한참 뒤에 접속 되어 접수하니..대기가 37명...

이런 오류가 한번이 아니여서..가끔 답답하고 불편할때가 있네요"
Alpitrelli,2022-07-08 18:22:36-07:00,1,0,요새 왜이래요??,"맛탱이가 갔네…. 아 이 어플 쓰는 시기는 정신없을때 쓰는데 어플때문에 더 빡침

추가

야이… 병원 검색 기능이 안되면 이걸 왜쓰냐??? 어휴…"
앍거거걷,2022-07-08 18:10:52-07:00,1,0,검색오류,아니 왜 또 검색이 안되나요.. 하 알수 없는 에러라고 계속 뜨고 애기 예약하고 병원가야하는데 환장하겠네요
kanfbcuelw,2022-07-08 18:02:07-07:00,1,0,지금 애러 계속나요,페이지 업로드가 안되는데 뭐가 문제일까요.
백구부인,2022-07-08 17:56:16-07:00,5,0,좋아요,좋아요
하이디아몽,2022-07-08 17:47:06-07:00,3,0,업데이트후 오류,"업데이트 후 오류 때문에 병원 검색 조차 안됩니다 ㅠㅠ
업데이트 괜히 했어요 ㅠㅠㅠㅠㅠ"
₍˄·͈༝·͈˄₎ฅ˒,2022-07-08 17:12:36-07:00,1,0,알수없는 에러발생,에러로 이용을 못해보네요..
존건행복이,2022-07-07 01:36:15-07:00,5,0,너무 편리해요!!!,혼자 애기를 보는 엄마들이라면 정말 유용한 어플인거같아요!! 대기자도 알수있고 접수를 미리할수있어서 좋은것같아요 아기 데리고 오래 병원에 있으면 아이도힘들고 엄마도 힘들거든요.. 다양한 병원이 가능하면 다 좋을거깉아요!!
꼉이와솔이,2022-07-05 22:27:44-07:00,5,0,진짜 편리해요,"병원에서 오랜시간 기다리지 않고
집에서 볼일 보다가 대기자수 확인하고 가니까 바로 진료였어용!
참 좋은 어플입니다ㅜㅜ신세계예요"
니르바나~,2022-07-04 15:44:09-07:00,5,0,Good,Good
꼬민돌이,2022-07-03 19:23:27-07:00,5,0,편해요,미리 접수하고 가니 기다리는 시간 적고 편해요~
Taek3359,2022-07-03 03:01:34-07:00,5,0,좋습니다.,아이들 있는집에 필수어플이네요
sisillym,2022-07-02 20:00:34-07:00,5,0,편해요,아주 편리하네요.
ㅃㅈㄷㅅ,2022-07-02 04:23:51-07:00,5,0,굿,ㅋㅋㅋ
전차호,2022-07-01 21:39:42-07:00,1,0,서버관리에 진짜 신경쓰셔야 할듯 하네요,"일주일에 병원갈 수 있는 날이 토요일 뿐인데
서버장애로 예약 못하고 스트레스 장난 아닙니다
편리한 서비스지만 그만큼 서비스 장애가 있을 때 스트레스가 크다는걸 아셔야 할 것 같네요 개빡칩니다"
옴뇸놈뇸,2022-07-01 17:52:53-07:00,5,0,오류나요,"어제까지만 해도 잘 썼는데 갑자기 오류나요
안들어가지고 영어로 실패했다고 떴다가 한글로
에러라고 떴다가 애가 열이 펄펄 끓는데 어플은 먹통이고 미치겠어요"
생크림양,2022-07-01 17:51:39-07:00,1,0,어플 에러,"첫 화면에서 움직이지 않고 ""status code didn't fall within the given range."" 메시지를 비롯한 여러 메시지가 뜨면서 작동하지 않아요. 
휴대폰을 껐다가 켜보고, 어플을 지우고 새로 다운 받아서 해보았으나 이젠 로그인조차 되지 않고 이메일, 비밀번호 찾기도 안 됩니다. 이메일, 비밀번호 찾기를 하면 바른 정보를 입력하고 인증을 완료했음에도 본인인증만 계속 반복됩니다. 해결방법 알려주세요."
앱이 안됨,2022-07-01 17:50:27-07:00,2,0,메세지가 뜬이후로 앱 사용이 안되오,앱삭제후 재설치 해도 로긴이 안되요 데이터가 찾을수 없다고 포맷됫다거 하는데 어떻게 해야하나요 접수 예약 하고 싶습니다
어덤,2022-07-01 17:48:22-07:00,1,0,오류때문에 미쳐 도라버리겠음,status code didn't fall within the given range 오류가 계속 떠서 아무것도 할 수 없음
따라봉,2022-07-01 17:41:14-07:00,1,0,지금 오류로 접속이 안돼요,서둘러 처리해주세요
힣힣히ㅋㅋㅋ,2022-07-01 17:31:50-07:00,5,0,운영체제변경으로 이용제한,"이거 어떻게 풀어요?
아기 병원가야하는데
로그인조차 안돼요"
jw 모리,2022-07-01 17:24:44-07:00,1,0,에러인건지,자꾸 본인 인증 하라고 뜨고 로그인이 안됨 아기병원가야 하는데 답답하네요
83382662,2022-07-01 17:23:47-07:00,1,0,카카오톡 로그인 안돼요,"안드로이드, ios앱 모두 안되네요 ㅡㅡ"
방명록,2022-07-01 17:18:01-07:00,5,0,똑닥이가 안되네요,업데이트 하고 나서  똑닥이 어플이 안되네요
디즈니남매맘,2022-07-01 17:15:42-07:00,5,0,접속오류?,"지금 접속이 안되는데 왜그럴까여ㅠㅡㅜ 저만 그런가요...!! 똑닥 들어가자마자 노란 접속화면에서 
status code didn't fall whitin thr given range. 
이렇게 뜨고 들어가지지가 않아요 🫠"
르곰,2022-07-01 17:15:15-07:00,1,0,아니 왜 자꾸 본인인증하라해요,"로그아웃되서 로그인 하려니
본인인증1회 하라는데 자꾸 인증하라하고
1회가 아니라 10회 한거 같아요
뭐가 문제인거에요 정말 화나네"
나아ㅡㅏㅏㅏ,2022-07-01 17:14:56-07:00,1,0,하진짜에러,중요한순간에 이약하려고 하니 멈추고 로그인풀리고 로그인 하려니 되지도 않고 병원예얏도 못하고 진료도 못봤네요!!! 중요한 순간마다 에러나서 지금 몇번째인지 개선좀 부탁드려요
소고씽,2022-06-30 15:16:54-07:00,5,0,굿,굿
ㄱㅇ깅,2022-06-28 17:20:06-07:00,5,0,굳,잘쓰고있어요
냐리냐리냥냥냐잉,2022-06-26 18:38:50-07:00,5,0,너무 편해요,제가 다니는 병원은 여기 다 있네요 요즘은 전화예약이 안되서 늘 방문예약하느라 두 번씩 다녔는데 덕분에 기다리지않고 두번가지않아서 좋아요
달라아빠,2022-06-25 17:17:26-07:00,5,0,달래아빠,붛아여
건재하기,2022-06-24 18:48:14-07:00,4,0,대기시간 줄어서 좋아요,감사합니다
윤찌에요,2022-06-24 02:03:18-07:00,5,0,짱입니당!!,"네이버에서는 영업시간이 다 안나와있어서
불편했는데 똑딱은 다 나와있더라구요!!
그리고 예약도 되니 완전 득인걸요?😆
좋아요!!"
뜨3ㅡㅡ믕ㅁㅁㅁㅇ듣ㄷㅁ6ㄷㅇ0ㄷㅇㄸㄷㅁㄷ믖즈듳,2022-06-23 23:33:10-07:00,5,0,6ㅈㄷㅁ,6ㅈ9
gloryonjesus,2022-06-23 21:33:13-07:00,5,0,예약할 때 편해요,예약할 때 야간약국 찾을 때 매우 유용합니다 ^^
dreams4lover,2022-06-23 21:29:21-07:00,5,0,좋아요,좋아요
숑ㅋ,2022-06-23 16:06:43-07:00,5,0,좋아용,편해요
운전어려움,2022-06-22 23:30:29-07:00,1,0,접수가 안되네요,마지막 팝업창에서 확인이 안눌려요
ㅜㅓㅗ호ㅗㅗ호ㅗㅗㅗㅗㅗㅗㅗㅗㅛㅗㅗㅑ,2022-06-22 21:50:51-07:00,5,0,한ㅗㅡㅛㅡㅡㅗㅗㅗㅗㅗㅗㅗㅗㅗㅗ,웅
헬로쥐쥐,2022-06-20 21:13:29-07:00,5,0,대기자 수가 나와서 편하네요!,"대기자가 몇명인지 나와서 편리해요~! 
추가적으로 대기자 1명 남았을 때 한번 알림해주는 기능이 있으면 편리할 것 같습니다🤩"
바밥,2022-06-20 00:06:07-07:00,5,0,편리,편리해요
별나라아이들,2022-06-19 22:40:07-07:00,5,0,편해요,"접수해놓고 시간이 오래걸릴것 같아 접수취소했더니 패널티래요 ㅎㅎ
암튼 시간을 잘 고려하여 접수해여겠지만
편해요"
몌지,2022-06-19 19:51:06-07:00,5,0,굿,굿
사랑범,2022-06-19 00:27:03-07:00,5,0,엄청 쓰기 좋아요,오늘 처음으로 사용중인데 엄청 좋아요.  추천
시윤쓰0712,2022-06-18 01:12:42-07:00,5,0,좋아요,무지편하고 좋아요
꽃너굴,2022-06-16 17:51:14-07:00,5,0,편리하네여,빠르게 진료받을수 있어 편하고 미리 준비되어있어 좋네여
KimJYS,2022-06-15 02:19:45-07:00,5,0,편해요~~,Wow
수아Hahm,2022-06-14 22:19:08-07:00,5,0,영유아검진 예약과 문진표 작성 너무 편해요,"전화로 영유검진 예약하고 문진표 작성 컴퓨터켜서 , 공인인증서 로그인하고 , 작성하기 너무 번거로웠는데(특히 아이 엄마로서) 이제 앱안에서 다 되니까 자기전에 누워서 한 3분정도만 할애하면 모든게 해결되니 너무 좋아요! 정말 아이디어 앱이예요!! 🧶제안입니다! 호텔예약이나 항공권예약처럼 예약 완료후 일정이 달력에 자동 연동되는 기능 추가하면 훨씬 좋을것 같아요!!!"
리젠츠로즈,2022-06-13 19:59:20-07:00,5,0,좋아요,편해요
박쎄오,2022-06-13 04:55:51-07:00,5,0,굳굳,많은 병원들이 똑닥 어플로 통일이 되었으면
유용유,2022-06-11 18:33:20-07:00,5,0,최고에요~,아주 잘 사용하고 있습니다~
꿀러기,2022-06-08 05:53:31-07:00,5,0,굿,병원 갈 때 예약이 편해서 좋아요!
160mm,2022-06-05 20:21:24-07:00,5,0,사용후기,"잘 사용하고 있습니다.
유용한 앱 입니다. 감사합니다 ~"
wild wony,2022-06-02 22:31:15-07:00,1,0,정확한 영아 날짜 판단이 안되나보네요.,"똑닥어플 통해서 영아 6개월 접종 예약했어요.
시스템 문제인지, 병원에서 접수 후 예약확정을 하는건지는 모르겠지만,
애기 180일 경과하였고 예약진행하고 접수했어요.
그리고 병원 방문하였더니 180일 넘은 시점이 아니라, 태어난 날짜 기준으로 개월 수 지난 시점 이후로 접종 가능하다며 거절당했어요.
그러면 왜 예약이 확정된거죠?
애기 접종을 위해 시간 맞춰 연차사용하여 어플 통해 예약하고 갔더니 날짜 안되서 안된다네요?
시스템에서 예약하면 자동확정되는 문제인가요?
그렇다면 시스템에서 해당날짜 이후 접종 가능하다는 안내문구 필요해 보입니다.
그게 아니라 병원에서 예약확정되는거라면 병원 컴플레인이 필요하겠죠.
헛걸음 제대로 했네요.
누구 하나 책임지는 사람은 없고요."
페널티유감이다,2022-05-24 18:12:05-07:00,1,0,아이 델꼬 힘들게 갔는데 페널티 너무하다,제목 그대로입니다. 누가 누구에게 페널티를 주고 이 바쁜 아침시간에 30분 넘게 기다리게 하는지. 고객을 위한 서비스를 만드시기 바랍니다. 페널티를 주면 다음에는 서비스를 못쓴다며? 악순환 서비스를 기획하다니.
란쑤뽕,2022-05-21 23:59:00-07:00,4,0,좋아요,잘사용하곴어요
호호남매,2022-05-21 05:04:47-07:00,5,0,기다리지 않고 예약해서 진료보니 넘 좋아요,"아이들에게 병원예약은 필수인데
똑딱을 통해 
일단  기다리지 않고 시간에 맞쳐 진료볼 수 있어서 넘 좋아요 
또한 몇번째인지 순서도 바로바로 대기시간 및 알 수 있어서 아이들이 있는 가정에선 넘 필요한 어플입니다. 앞으로도 좋은 어플 편한 어플 만들어주세요^^
홧팅^^"
홀리홀리홀리,2022-05-19 15:58:18-07:00,5,0,잘 쓰고 있어요,아이 병원 갈 때 넘 좋아요~
라젠트라,2022-05-18 21:50:56-07:00,5,0,좋아요,편하고 좋네요
edd0125,2022-05-18 21:40:25-07:00,5,0,편해요,미리예약도되고 병원에서 따로 기계로 접수연동 처리 수납까지 편해요
설명해주세요,2022-05-17 17:44:59-07:00,5,0,대기자상황이 보이니 좋아요!!,이 어플이 잘 정착되고 많은 병원에서 활용되면 좋겠어요!!
개구쟁이썬,2022-05-16 18:22:32-07:00,5,0,유용하게 잘 쓰고 있어요,모바일 접수를 하니 편리하네요
화실이,2022-05-13 16:19:41-07:00,5,0,좋고 편하긴 하나,좋고 편하긴 하나 단점이 있다면 가족 껀바이껀으로 접수 해여 하는것도 중요하지만 가족이 같은증상이라면 중복클릭해 접수하면 좋을꼬 같아요 인기있는 소아과일 경우
박소연이,2022-05-09 22:15:32-07:00,5,0,아기엄마입니다,이런 어플 있어서 더 육아 하기 편한거같아요 감사합니다
슈슘2212,2022-05-09 16:54:09-07:00,3,0,오류가 있어요,개인정보 제3자 제공동의 체크하고 확인이 안돼요 ㅠㅠㅠ 왜 저만 안넘어가죠??
채교사랑,2022-05-07 18:46:54-07:00,5,0,정말 괜찮은 어플인것 같습니다.,애기가 있으면 필수 설치 어플이네요.
기러기토마토스위스,2022-05-05 19:23:12-07:00,5,0,최고에요,만들어주셔서 감사합니다
사랑꾸운,2022-05-03 05:25:37-07:00,5,0,잘쓰고있어요,유용해요^^
유유비닝,2022-05-01 11:14:50-07:00,1,0,아이폰 실행시 오류,"똑닥실행시 
운영체제변조감지되었습니다
안정성을 위해 앱실행이 제한됩니다
라는 문구와함께 앱이 종료됩니다
저번에도 그래서 문의해서 처리해주셨는데
다시 처리 부탁드립니다"
찬송이맘,2022-04-29 18:23:33-07:00,5,0,편해요,가서 대기하지 않아도 되니 편합니다
쩌엉111,2022-04-28 05:03:31-07:00,5,0,편리하고 좋아요.,"아이가 갑자기 아프거나 아픈 정도가 심할 때
집에서 똑딱하고 출발하면 덜 기다려도 되서 좋아요."
예비산모,2022-04-27 19:06:21-07:00,5,0,영유아검진,어플로 문진표작성하고 예약한시간에 진료잘봤어요 아주 유용합니다
쫀지😘,2022-04-27 00:33:38-07:00,3,0,예방접종 완료로 변경이 안돼요..,"저만 그런건지ㅠ 
예방접종이 완료로 안바뀌네요"
DLGrick,2022-04-26 18:36:10-07:00,5,0,편하고 좋아요,예약도 편하고 대기 알림도 해주니 너무 좋네요
아름흠,2022-04-26 04:49:00-07:00,5,0,너무좋아요..안기다리고 바로 진료,신생아라서 가서 기다리기가 힘들고 코로나로 불안한데 집에서 기다리다가 실시간으로 보고 제차례될때출발해서 편하게 진료받을수있어요 ㅠㅠ 너무좋습니당
베리스타,2022-04-22 18:33:40-07:00,5,0,정말 스마트한 병원 어플,최고입니다 미리 대기 할 수 있고 첫째때는 이런게 없어서 몇십명이어도 대기하고 힘들었는데 미리 출발 전에 보고 갈 수 있어서 좋아요
ㅋㅋㅋㅋㅋ주잘,2022-04-20 21:48:58-07:00,5,0,나무조아여,너무조아여
리베도치,2022-04-19 18:03:28-07:00,5,0,리베도치,좋아요
비비드 안젤라,2022-04-19 15:20:47-07:00,4,0,정말. 너무 좋아요.,이어플은.  써본중. 제일좋아여
레몽찡,2022-04-19 00:53:08-07:00,5,0,너무 좋아요,기다리지 않는게 너무 좋네요. 이렇게 편한데 왜 이제 알았는지 모르겠네요 ㅋㅋ
페북 운영자 들어라,2022-04-14 17:29:04-07:00,4,0,처음 써봤는데,유익한거 같네요
매력펭,2022-04-14 01:21:22-07:00,3,0,예약 불이행 관련,"예약 불이행 패널티와 관련하여, 
불이행 이후 일정기간 6개월 또는 1년이 경과하면 불이행 이력을 삭제 해주시면 좋겠어요. 
불이행은 제 실수이긴 하지만 
불이행 이력이 한참 지났는데 불이행 3회까지 다 차야 리셋된다니, 부득이한 경우에도 자꾸 아예 근처에와서 취소하고 현장 방문하는 등 다른 방법을 강구하게 됩니다.
패널티 부과에 대한 것보다도 불이행 이력이 최소 1년 정도 된다면 그 횟수는 차감해주는게 낫지 않을까 제안해 봅니다"
Dbsdud81292463^^,2022-04-13 20:29:17-07:00,5,0,친절하셔서 좋아요,친절하셔서 좋아요
분노의신,2022-04-13 19:23:03-07:00,1,0,예약이 의미가 없음,"예약을 해도 기다리는건 전혀 다르지 않네요
리뷰나 고객이 이 병원에 대한 의견을 남길 수 있는 방법이 있으면 좋을거 같아요…"
slough71,2022-04-13 17:26:28-07:00,5,0,편리해요,"주말에 소아과가면 1시간씩 대기하는데, 똑딱으로 예약하니 너무 편리해요."
ksbcht486,2022-04-10 19:33:06-07:00,5,0,편합니다,세상편한 어플
동글퍼파,2022-04-10 16:11:10-07:00,5,0,병원예약하기 최고,좋어요
🙈🙈🙈🙈😜,2022-04-07 23:21:28-07:00,5,0,편리해요,너무 잘 쓰고 있어요
욘이맘,2022-04-06 17:03:07-07:00,5,0,진찌 편리해요><,항상 애기가 아프면 더 마음이 급해져요 또진료대기시간이 길어지면 ㅠㅠㅜ 화가나고 그런데 ㅠㅜ 이 어플이 계속 안내를 해주니 너무 좋은거같아요
츄어미,2022-04-06 01:49:03-07:00,5,0,늘 잘쓰고있어요,세상편리
fungamemaster,2022-04-04 23:30:39-07:00,5,0,아주 좋아요.,"두말할것 없이 기다리는 시간 없고, 언제 순서인지 다 나오고 모든 병원에 다 이 앱을 사용했으면 좋겠네요~~"
스돔이,2022-04-03 21:07:26-07:00,4,0,소아청소년과 방문,생후 46일 아가 데리고 배꼽 치료하러 소아과 방문했는데 똑닥 어플로 예약하고 가니 많이 안 기다리고 좋아요. 다만 의사선생님께 전달하고 싶은 말을 15글자 내로 적으려니 글자수가 너무 적어서 아기 상태에 대한 전달이 어려울 수 있을 것 같아요.
덩탄 화텅,2022-04-01 16:42:37-07:00,3,0,오류해결,"운영체제변조가 감지 되어서 
앱실행이 제한된다고뜨네요~
어떻게 해결해야하나요?"
과앙씨,2022-03-31 19:37:46-07:00,5,0,조아요,조아요
으ㅏ맽,2022-03-30 18:40:56-07:00,1,0,만 14세 이하의 사용 가능하게 해주세요.,백신접종도 이제 접종이 시작되었는데 사용 가능하게 해주시면 좋겠네요
우래푸훅,2022-03-30 15:38:11-07:00,1,0,31일이 없어요,예약하려고 다운받앗는데 3월 31일이 없어서 예약못함
안냐여ㅜ너아넌,2022-03-29 19:43:49-07:00,5,0,똑딱 좋아요,"덕분에 대기 많이 안했어요
다른 병원도 더 많이 확대되면 좋겠어요"
ohohohdal,2022-03-29 02:05:58-07:00,4,0,깔끔하고 좋아요!,"인터페이스도 깔끔하고 사용하기 좋아요, 대신 알림이 너무 자주 울려요ㅋㅋㅠㅠ 그리고 부모님도 제가 대신 예약 잡아드리는데 설정이 자 이외에는 기타로 되어 있네요 아직 개선점이 있지만 사용하기는 편합니다~"
마상이,2022-03-28 18:30:11-07:00,5,0,잘쓰고있습니다,잘쓰고있습니다
pjaeeum334,2022-03-27 20:45:15-07:00,5,0,예약하기 편해요,"육아하다보니 날짜 놓치는 경우가 돠게 많아서 접종시기도 그냥 놓치게되더라구요 
이어플쓰고부터는 주말에도 병원 예약을 할수있어서 바로 예방접종이나 검진받을수 있어서 편해요"
코스닉,2022-03-26 18:52:26-07:00,3,0,시간절약,미리 예약하고 가니 많이 기다리지 않고 편리했어요
zzㅣ니,2022-03-26 06:22:29-07:00,5,0,좋아요,"처음 써봤는데 편하고 좋아요
이거 쓰는 병원들이 많아졌으면 좋겠습니다"
짜부링,2022-03-26 00:15:37-07:00,5,0,코로나시대에이거아니엿다면,너무힘들엇을거에요ㅜㅠ
쩌리2세,2022-03-24 21:13:47-07:00,4,0,좋아요,좀 더 많은 병원이 이용할 수 있으면 좋겠어요.
난눈웃음,2022-03-24 03:25:11-07:00,5,0,병원 예약 좋아요,병원 예약을 간편하게 할 수 있어 넘 좋아요
리니라미맘,2022-03-24 00:08:11-07:00,5,0,좋아용,항상가는병원입니다
11인증안댐,2022-03-22 17:52:58-07:00,3,0,인증화면에서,"최초 인증하는 화면에서 넘어가질 않고 무한 버퍼링.
삭제했다가 다시 깔아보기도 하고 핸드폰 전원을 껐다 켜보기도 했지만 고쳐지질 않았음.
아이폰 Xs 쓰는데 오류가 있는것 같아 확인 부탁드림. 앱을 둘러봤는데 깔끔하게 잘 되있음"
시채소은,2022-03-21 20:02:10-07:00,5,0,정말 필요한 어플!,정말 필요한 어플이예요!
씩씩한민들레,2022-03-21 04:22:02-07:00,5,0,좋아요,미리 예약할 수 있어서 좋아요
sano88888888,2022-03-21 01:02:13-07:00,5,0,짱!,좋아요
소금1,2022-03-19 21:07:54-07:00,4,0,정말 편리한 어플입니다.,병원 대기시간을 미리 알 수 있어 좋네요 많은 병원들이 활용해주었으면 합니다.
소나무마을,2022-03-18 23:41:09-07:00,5,0,필요한 변원,"딱 필요한 때에 병원찾기를 사용하였습니다
헤매지않고 바로!!
좋아요 똑닥"
락라라,2022-03-18 18:43:24-07:00,5,0,굿굿,"이번에 커로나로 힘들었는데
비대먄 진료 덕분에 편히 진료할수있어서 나무 좋았어요"
ㅇㅇㅇㅇㅊㅌ,2022-03-18 02:04:42-07:00,5,0,ㅜ어나늧,좋네요
puhpooh,2022-03-17 22:39:45-07:00,1,0,개선이 많이 필요한 앱,"아직까지 개선이 많이 필요한앱
예약시간 정보도 정확히 나오지않음
그리고 날짜 선택하기 기능으로 날짜 선택해서 예약해도 병원시스템에따라 원하는 날 접수안됨
또한 하루에 예약시간도 오전 오후 나눠서 예약해야죄는 병원도있음
사용자들말고 병원 편하라고 만든 앱인듯
접수시간만 나오는제 접수시간이 왜필요함"
퇴계동집순이,2022-03-17 19:26:07-07:00,5,0,편해요,편리해서 좋아요^^
qhftmend,2022-03-15 20:00:05-07:00,5,0,너무 편해요,기다리지 않아서 좋아요 편해요
어베미크,2022-03-15 02:06:22-07:00,5,0,너무 좋네요,처음 이용했는데 친절하고 너무 좋아요
worstofworstㅡㅡ,2022-03-14 20:13:18-07:00,1,0,최악,"아니 예약 이 어플로 해야된다고해서 가입하는데 이메일 적고 확인 눌러도 아무런 반응이 없어요 도대체 몇 번 째 시도하는지 모르겠어요 아픈 사람이 사용하는 어플을 이런식으로 개발해서 어떻게 사용하라는 건지 
이 어플로만 예약받는 그 병원도 문제지만 이 어플도 상당히 문제내요 별 하나도 아까워"
뀨구아이엑,2022-03-14 19:19:58-07:00,5,0,굿,조아뇽
앙차앙,2022-03-13 19:52:05-07:00,5,0,굳,굳
2eun_heee,2022-03-11 19:58:56-07:00,5,0,좋아요,예약진료 편하고 좋아요
엥웅엥,2022-03-11 09:49:11-07:00,1,0,회원가입을 하려 해도 안되는 뭣같은 앱,회원가입 본인인증할때는 창이 안넘어가고 sns 간편로그인 통해 인증할때는 또 이메일 입력 버튼이 안눌리네요ㅋㅋ 똑닥 통해서만 예약되는 병원이래서 몇번이나 시도했는데 그냥 안가렵니다ㅋㅋ
제이비골드스타,2022-03-08 15:48:01-07:00,5,0,제이비골드스타,잘쓰고 있어요
유비아림,2022-03-08 00:10:44-07:00,5,0,처음 써봤는데 너무 좋은 어플 이네요,지인 추천추천함~~
윤현안,2022-03-07 22:34:14-07:00,4,0,유용해요,좋아요
Milk_Cocoa,2022-03-07 17:04:51-07:00,1,0,존재하지 않는 API경로라고 뜹니다,존재하지 않는 API경로라고 뜹니다
상혀니꺼,2022-03-07 15:03:27-07:00,1,0,존재하지 않는 api경로ㅡㅡ,영유검진 예약해야하는데 갑자기 이런게 뜨네요????
율이언니,2022-03-07 14:44:06-07:00,1,0,-api지원안된다고함,ㅇㅇ
문의급함,2022-03-07 07:22:05-07:00,5,0,문의급함,존재하지 않는 API 경로입니다 라고 뜨고 계속 병원 접속이 안되네요ㅠㅠ12시부터 예약 가능하다고 해서 급한데요
소~파,2022-03-07 01:59:15-07:00,1,0,어떤 병원도 열리지않아요,존재하지않는 API 경로라고만 떠요.
토끼여왕,2022-03-06 18:15:55-07:00,5,0,편하고 간편,편하고 간편하다 인터페이스가 간결하다
ddongzanng,2022-03-05 00:11:54-07:00,5,0,조아요,근데 모바일 서류 발급은 똑같이 키오스크에서 결재해야만 나오는가봐요
"NANA, CHOI",2022-03-03 14:48:43-07:00,5,0,병원갈때 편해요,미리 접수되서 좋아요 안하고 갔다 이거 하고온 분들한테 순서 밀리길래 깔았어요
눈누9999999,2022-03-02 18:53:57-07:00,1,0,로그인 안됨,"리뷰를 쭉 살펴보니 10월쯤부터던데
여태 로그인이 안되는거면 앱관리를 어케한거임,,"
별점빵개,2022-03-01 23:19:29-07:00,1,0,처음 앱 깔고 본인 인증 하려는데,다 하고 마지막에서 안넘어가요
레오퀸,2022-03-01 19:32:58-07:00,5,0,레오퀸,좋아요
꿈꾸는식뮤,2022-02-28 17:00:47-07:00,4,0,잘쓰고있어요,편하게 잘 쓰고 있습니다
에스티나,2022-02-27 18:56:44-07:00,5,0,자주이용하는곳도,되었음하는데 암튼 너무 잘 이용하고 있어요
다양한목소리,2022-02-27 16:18:59-07:00,5,0,예약하고 가니 좋네요,안 기다려도 돼구. 좋아요
kwjuly,2022-02-26 01:41:37-07:00,5,0,편리해요,"예약
문진표 작성 미리 할수있어서 간편해요"
빵꾸똥싸거,2022-02-25 21:09:13-07:00,5,0,굿이에요,아주 좋아요
불광이,2022-02-25 20:43:49-07:00,5,0,편해요,굿
배캠애청자,2022-02-24 19:08:03-07:00,5,0,편해요~^^,병원에서 오래 대기할 필요도 없고 너무 편리하고 좋아요~
튼튼사랑맘,2022-02-22 23:26:06-07:00,5,0,바로 대기시간 확인되서 좋아요.,"집에서 출발하기 전에 대기시간 확인하고
예약하면 되니까 기다리기 불편하지 않아서
넘 좋았어요~"
건새,2022-02-22 20:50:22-07:00,5,0,괜찮은 것 같아요,예약하기 편해서 좋아요
말식맘,2022-02-22 16:46:57-07:00,5,0,연세드림소아청소년과,좋아요
yasicmj,2022-02-21 18:59:06-07:00,5,0,친절하셨어요,"의사샘도 간호사샘도 친절하셨어요
대기 인원도 적어 좋았네요"
sokol1125,2022-02-21 05:58:27-07:00,5,0,예약 병원 좀 더 많아졌으면 좋겠다,금동 소아과 최근 4년 다니고 있습니다. 선생님께 감사드립니다
잼있어요 멋져,2022-02-20 15:01:58-07:00,5,0,똑딱병원,똑딱병원알람 좋아 편하게 즐기시길 바란다
신나는바닷물,2022-02-18 00:25:24-07:00,5,0,똑딱 사용하는 병원이 많았으면,똑딱 사용하는 병원이 많았으면
비지디기시ㅛㅣㅖ,2022-02-16 15:13:11-07:00,5,0,편리해요,"대기시간많은 소아과갈때 최고예요
병원에서 기다리지않아도되서 좋아요"
Goodjjung2,2022-02-13 16:56:29-07:00,5,0,좋아용😊,편리하고 좋습니다😊
너오오옫ㅎㄲㅇ,2022-02-10 19:53:44-07:00,4,0,제 지역엔 병원 하나도 안떠요..,구글에는 잘만 뜨는데 똑닥엔 하나도 안나와서 쓸모없어서 그냥 지웠습니당ㅠ
튼튼마미86,2022-02-10 17:39:45-07:00,4,0,예약시 도움 돼요,예약 후 진료 시간까지 알림으로 알려줘서 좋아요 다만 병원 전화가 계속 통화 중으로 되어있어서 이부분은 점검이 필요할 것 같아요
크란&루팡,2022-02-10 01:09:01-07:00,1,0,거리순 정렬이 안되니 사용할수없네요,"UIUX 괜찮아보이는데, 검색결과 소팅이 안되는군요
지역은 왜 입력받는 걸까요?
인천에서 조회했는데 울산 서울이 제일 위에 뜨네요… 
최소한의 버그수정은 되면서 서비스 하는게 맞을 것 같아요 실망입니다 개발자님"
요ㅜㅘㅏㄹ타,2022-02-09 18:46:00-07:00,4,0,편리해요~,처음엔 불편했는데 한번 등록시켜놓으니 편리하네요!
1a2w3e-,2022-02-09 08:19:31-07:00,5,0,너무너무 편해요,기다리지 않아서 좋아옹
봉이반쪽,2022-02-07 17:13:03-07:00,5,0,편리하고 좋아요!,최고에요
예스 잼,2022-02-07 16:40:35-07:00,5,0,좋아요 똑딱,편리하고 좋아요
hhh💚,2022-02-06 21:37:31-07:00,5,0,편리하네요,"집앞 병원 갈때 집에서 예약하고 출발하면 바로 진료볼 수 있어서 좋네요
다만 더 많은 병원들이 똑닥을 사용하면 훨씬 편해질 것 같아요"
스우너22,2022-02-06 13:39:18-07:00,4,0,좋아요,좋아요
짱나네1334,2022-02-05 06:19:41-07:00,5,0,잘쓰고있습니다 좋아요,굿굿 잘쓰고있습니다 !!!!!!
우뚜뚜뚜르~,2022-02-04 16:39:41-07:00,4,0,좋네요,편하고 좋네용~
어떻게해야할까,2022-02-04 16:13:22-07:00,1,0,본인인증,최초본인인증을 접수할때 하지말고 어플 접속할때 하든가 미리 안내라도 되어있던가 해야지 안그래도 접수하기 힘든데 갑자기 본인인증떠버려서 결국 접수 못했네요 너무 불편하네요
rladlsdkdlsdk,2022-02-03 07:24:19-07:00,5,0,아주만족요!!,소아과 대기가 긴데 미리 예약하고 바로해서 넘좋네요!!ㅎㅎ
효옹미니,2022-02-03 04:42:33-07:00,5,0,굿,잘됨
이도디자인,2022-02-03 01:24:17-07:00,5,0,너무너무편해요,아이병원예약이 간편해져서 너무좋아요~
지여니잉,2022-02-02 18:56:13-07:00,3,0,똑딱 오류,"아이폰으로 똑딱을 쓰고 있어요. 
버전도 최신버전인데 진료순서가 안보이네요
어떻게하면 볼수있나요?"
햇빛파파,2022-01-31 20:16:39-07:00,5,0,사용하기 엄청 편리해요,사용하기 편리하고 아주 좋아요
쿠라11111,2022-01-30 16:57:52-07:00,4,0,좋아요,연휴시 근무병원도 찾을수 있고 좋네요
heyju1902,2022-01-30 14:13:22-07:00,5,0,편리해요,뚝딱이 있어 병원 오래 대기하지 않아두 되고 좋습니다 더 많은 병원이 뚝딱이 되면 좋겠어오
나는선미님이시다,2022-01-29 17:04:17-07:00,5,0,조아요,편리해요
sora7267,2022-01-28 17:00:25-07:00,5,0,고운소아청소년과의원,영유아검진때문에 처음 방문하였는데 간호사분들도 나무 친절하시고 임고운 원장님 정말 너무너무 자세히 설명 잘핻주세요. 아이도 꼼꼼하게 관찰해주시고 아이의 기질이나 향후 발달 상황에 대해서도 자세히 설명해주십니다. 처음 방문인데 너무 만족합니다. 다음번에도 여기서 영유아검진 해야겠어요.
평타치,2022-01-28 05:22:12-07:00,3,0,좀더 보수 되고 업데이트 많이해주세요,업데이트
소이수맘,2022-01-28 02:35:47-07:00,5,0,예약 너무 편해서 좋아요,너무 편해요~~~~~
나평이,2022-01-27 01:12:15-07:00,5,0,똑딱,모바일로 예약해서 가니 기다리지 않고 매우 편했어요
졸립니당,2022-01-26 17:38:54-07:00,5,0,굳,좋아요
신우애미,2022-01-23 05:22:40-07:00,5,0,똑닥누가만들었어요!!,상줘야합니다!!!아시겠어요!!^^
Saranghj,2022-01-19 22:49:44-07:00,5,0,병원 진료엔 필수 어플이네요,기다리는 시간이 길어 아이들이 지루해 했는데 예약해두고 병원 가니 대기자 수 정확해서 병원엔 대기 5명 정도 일때 출발하면 딱 맞게 바로 진료 받고 올수 있었어요
트윙클???,2022-01-19 04:31:27-07:00,1,0,병원 입장에서도 최악인 앱,"1. 환자도 병원도 불편한 노쇼 기준
2. 예약 설정 창 칸당 1밀리- 글씨 안보임
3. 가족단위 동시간에 예약 불가 시간
종합적으로 볼때 병원을 가는 사람 병원에 근무하는 사람 입장 이해가 한개도 없음
그냥 프로그래밍 할줄 아는 사람들이 뚝닥뚝닥 생각없이 만들고 심심하면 실험적인 업뎃 후 오류 발생.."
순단,2022-01-19 02:00:04-07:00,1,0,그지같은 앱,"아니 초반에는 얼추 맞던데
왜이렇게 대기자수 갭이 점점 커져요?
아이에 못믿겠음 이제는
똑딱으로 접수안합니다"
광수부인,2022-01-17 21:08:39-07:00,5,0,좋아요,가끔 대기인원이 많아서 접수가 안 될때도 있지만 이런 경우를 제외하면 아주 편리한 앱이라고 봅니다
L_Hyoni,2022-01-17 18:32:45-07:00,5,0,좋네요,예약하고 가니 대기도 안길고 좋습니다👍
꿈꾸는대로,2022-01-16 15:57:35-07:00,5,0,좋아요,ㅂㄱ
유블리얌,2022-01-15 04:22:58-07:00,5,0,너무좋아요,아기병원예약하는데 증말 편해졌어요 ㅠㅠㅠ
Ozdaaaaassasssaa,2022-01-13 08:18:28-07:00,5,0,똑딱 어플 좋아요,더 많은 병원을 이용할 수 있으면 좋겠어요
따마님,2022-01-13 00:47:03-07:00,5,0,아이폰x 실행이 안돼요.,병원 웹으로 접수하고 가려고 계속 오류나고 해서 삭제하고 다시 깔고 몇번을 했는데도 안돼네요ㅜ 결국 병원와서 엄청기다립니다. 도움이 안돼네요ㅜ
이글루캠,2022-01-12 21:04:58-07:00,4,0,많이 기다리지 않아도 되어서 좋아요그런데..,접수전에 몇명이 대기 하고 있는지 알수있는 기능이 있으면 좋겠어요..
토깽님,2022-01-12 16:40:33-07:00,5,0,편리하고 좋아요~,병원갈때 사람많은 병원은 미리 똑닥으로 접수하고 갈 수 있어서 아이들 데리고 갈때 유용하게 쓰고 있어요. 좀 더 똑닥 이용하는 병원이 많아졌으면 하는 바램은 있습니다ㅠ.ㅠ
나롤랄이,2022-01-12 16:28:51-07:00,5,0,너무너무 편리해요,너무 잘사용하고있어요
왓어원더풀데이,2022-01-09 16:30:56-07:00,5,0,아주 편해요,지루하게 기다리지 않아서 좋고 시간 맞춰 갈 수 있어서 좋고 아주 편리한 어플입니다
환불 부탁부탁 드려요,2022-01-08 13:34:01-07:00,4,0,소아과 예약은 잘 쓰고 있어요,소아과 예악은 너무 편한데 더욱 다양한 내용들을 볼 수 있었으면 하는 아쉬움이 있어요!
하음 예음,2022-01-07 23:06:45-07:00,5,0,하음 예음,감사합니다
어제시작햇능대,2022-01-05 15:16:29-07:00,5,0,잘쓰고있어요,좋아요
골돌푸우,2022-01-04 20:23:09-07:00,5,0,너무 편해요~,신세계~ ㅎㅎ
ㅠㅗㅗㅋ,2022-01-03 23:43:03-07:00,5,0,편함,아주좋아요
음!!!!!!,2022-01-02 16:29:02-07:00,5,0,좋아요,좋아요!!!
배그초보☝🏻,2022-01-02 05:17:22-07:00,2,0,예약이안되네요,"어제부터예약하려고 하니 월요일예약이안되네요ㅜㅜ

마지막에 날짜선택창 에서 선택이안되요"
사공안드레아,2022-01-01 17:40:04-07:00,5,0,잘쓰고있어요,"참 편해요
더 많은 병원들이 제휴 하면 좋겠어요"
쏘맥여왕,2021-12-31 16:04:20-07:00,5,0,너무 편리하고 좋아요,병원갈때마다 전화로 예약하고 좀 불편햇는데 너무 편리하고 좋아요~~~^^
캔소다 알바생,2021-12-29 23:16:32-07:00,5,0,편해요,조아요 편리하네요
제라드0606,2021-12-29 20:48:47-07:00,5,0,너무 좋아요,편하게 예약하고 갈수있어서 좋아요
봉블리블리,2021-12-28 22:29:35-07:00,5,0,굿,굿
아기바라기,2021-12-28 01:34:24-07:00,5,0,아주 좋아요,아기 병원 예약 사용하기 편하고 좋네요 감사합니다
양팡,2021-12-27 17:52:33-07:00,4,0,편해요,대기 예약햔황 좋아요
tiffany10004,2021-12-27 16:23:06-07:00,4,0,편하고 좋아요,더 많은 병원에서 사용할 수 있으면 좋겠어요.
아이린맘맘맘,2021-12-25 04:08:02-07:00,4,0,잘사용하고있어요,잘 사용하고 있지만 대기자번호가 업데이트 잘 안되네요
꿈쟁이!,2021-12-24 15:48:28-07:00,5,0,아이 소아청소년과 이용에 너무 편리합니다 :-),아이 소아청소년과 이용에 너무 편리하게 사용하고 있습니다! 한가지 문의사항이 있습니다. 아이 엄마와 아빠가 한 아이를 공유하여 사용할 수 있는 기능이 있는지요? 찾아보니 없어서 혹시 있나 하고 문의드립니다. 항상 편의를 위해 애써 개발해주셔서 감사합니다
Dufhdufh,2021-12-24 00:15:57-07:00,5,0,좋아요,좋아요 편리하네요
Pkjjang,2021-12-22 18:12:36-07:00,4,0,편리하고 좋아요,아이랑 병원 이용하기 편리해요
iRamy21,2021-12-21 05:53:36-07:00,1,0,아이폰11pro max  실손보험 청구 이미지 파일 에러,"실손청구 이미지가 확인 할 수 없는 상태로 뜹니다ㅠ 사진첩에 저장은 되는데, height가 엄청 길고width는 짧아서 양식이 다 담아지지가 않습니다. 저만 그런걸가요???"
밍속과세훙,2021-12-20 22:36:40-07:00,5,0,똑닥으로 예약한것도 아닌데 바로 예약내역이 떠서 신기했어요!!,그만큼 기록이 잘 되고 나중에 확인하기도 좋을것같았네요!!
ㅋㅋㅋㅋㅋㅌㅋㅌㅎㅎㅎㅎ,2021-12-20 20:52:21-07:00,5,0,좋네요,병원에서 감사한걸 여기서 확인하니 좋습니다
조아여엄,2021-12-20 08:46:40-07:00,5,0,똑딱 리뷰,병원을 한달에 한번씩은 가는편이라 사람이 많아서 2시간까지 대기해봤는데 너무 조항요ㅠ
아메아메리,2021-12-17 14:39:45-07:00,5,0,좋아요,아기 병원진료에 도움이 되요ㅎ
😎융,2021-12-16 21:51:19-07:00,5,0,넘 유용해요,"유용하고 꼭 필요한 어플입니다 
대기시간도 줄여주고
접수도 빨라지고
일석이조^^"
우왕~~!!~~~~!!,2021-12-16 05:23:52-07:00,5,6,처음 사용해봐요.,"동생한테 괜찮은 병원 소개받았는데 똑닥으로만 예약 해야 한다고 해서 처음 사용해봐요. 
어플을 알고는 있었는데 받아만 놓고 안쓰고 있었는데 써보니 편해요. 바로 예약하고 대기인원 체크할수 있고 집에있다 나가면 되니 편하네요. 진작 사용할걸 그랬어요."
이헤야디야,2021-12-16 00:55:46-07:00,5,0,찬절했어요,기다리지 않아좋았어요
루다맘쩌러,2021-12-15 22:37:06-07:00,5,1,편해요,"몰랐어요 이렇게 편한어플을,,
미춌어용❤️"
빅파이가좋아,2021-12-15 15:47:32-07:00,5,1,굿굿,너무 좋아요
보보조조조자,2021-12-14 15:21:13-07:00,4,0,좋아요,좋았아요 편하고
제페토. 좋아,2021-12-14 02:32:55-07:00,5,0,좋아요편리해요,좋아요
Jiyeonchung,2021-12-13 15:53:04-07:00,3,0,커카오 때는 앞 순서 몇 명이 나왔는데,"곧 진료순서라더니 20분을 더 기다렸음. 
지금도 앞에 대기 몇 명인지 안 나옴 
병원 창규에 문의하여 3명인 거 알았엄"
ㅎㅎㄹㅇㅅㅍㅍ,2021-12-13 12:55:16-07:00,5,0,좋아요,아기랑 대기오래하기 불편한데 똑닥 덕분에 빨리 다녀올수 있어요!!
지니지니88,2021-12-13 05:26:33-07:00,5,0,굿,오 이런 괜찮은 어플있다니 좋아용
백마탄온달,2021-12-12 23:26:40-07:00,5,0,똑띠기,똑띠기 똑똑 많은 병원에서 활용되면 좋겠네요
푸른하늘은하수하얀쪽배,2021-12-12 04:44:14-07:00,4,0,편해요,잘 쓰고 있습니다
카카율,2021-12-12 00:35:25-07:00,5,0,똑딱 편리함,똑딱이 있어 대기 시간이 줄어 매우 편리
Gyels627,2021-12-11 07:34:11-07:00,5,0,너무좋아요^^,편리하고 너무좋아요^^
카카로와,2021-12-11 04:06:09-07:00,5,0,좋아요,좋아요
크아쿠아피아,2021-12-10 20:27:10-07:00,5,0,너무 편해요~,접수 미리 할 수 있어 좋아요^^
sunhye1217,2021-12-10 18:11:46-07:00,5,0,형제자매 같이 병원갈때 한번에 클릭해서 접수 할 수 있으면 좋겠어요,"똑딱 너무 잘 쓰고 있는데요 저희는 아이들이 많은데요ㅜ 
같이 감기 오는 경우가 많아요 거기에 엄마까지 병원 진료 보게 되면 따로따로따로 접수해야 하는데 
한번에 이름 클릭해서 한번에 잡수 됬으면 좋겠어요"
wing-holder,2021-12-08 22:16:36-07:00,5,0,Easy,Easy fast safe good!
당장환불요청!!!!!,2021-12-08 17:49:53-07:00,5,0,리뷰 쓰는거 귀찮은데,너무 잘만들어서 처음써보네요 아주 좋아요
수쟌1818,2021-12-08 17:17:44-07:00,5,0,시대에맞춰가는어플,시간을 잘 활용할 수있는 좋은어플이 나와서 부모가 건강한육아를 할 수 있게되어 좋습니다!!
발렌타인33,2021-12-07 15:51:32-07:00,4,0,잘 쓰고 있습니다,애기 병원 예약 할때 잘 쓰고있어요
안산시 투원통신,2021-12-06 02:33:44-07:00,5,0,치료,아이들들에게 치료 잘받았음 선생님! 친절합니다
석진스,2021-12-03 18:42:25-07:00,4,0,신속하고 편해요,신석하고 쳔해요 마니 대기 안해도 되고..^^*
감성각,2021-12-03 02:50:43-07:00,3,0,좋아요,좋은데 아직안되는곳이있어서 그게좀아쉽네영
정양모,2021-12-02 18:51:34-07:00,5,0,정양모,굳
백발소년,2021-12-02 17:41:30-07:00,5,0,편해요,예약하기 좋고 편해요
규리민채맘,2021-12-02 16:24:23-07:00,5,0,좋아요,병원 다닐때 유용히 이용하고 있습니다
후굴,2021-12-02 04:38:36-07:00,5,0,잘쓰고 있습니다,아주 잘쓰고 있습니다
@@;₩/-1,2021-11-30 01:21:10-07:00,5,0,굿,좋아요
주먹돌리기,2021-11-29 18:48:00-07:00,5,0,똑딱,넘 편해요^^*
레오0202,2021-11-28 20:08:25-07:00,5,0,병원 예약때는 똑딱,잘 쓰고 있습니다 감사합니다
쭈뽕잉,2021-11-28 17:43:30-07:00,5,0,잘쓰구있어유,좋아욘
두현맘마,2021-11-28 15:12:54-07:00,5,0,두현맘마,편해요
안녕 하세요 배그 유저 입니다.,2021-11-26 16:46:09-07:00,5,0,좋음,찐으로빠르다
너ㅓ노오슈우더,2021-11-26 15:31:50-07:00,5,0,따봉이네요,굿
도윤바라기,2021-11-25 16:53:20-07:00,5,0,박용재 원장님 감사합니다,우리 도윤이가 열이 39.7도를 왔다갔다하고 해열재을 먹여도 열이 내리지 않아 앰블병원 박용재 원장님을 찾았는데 자상하시고 친절하시게 병 원인도 찾았고 치료 방법도 다 아니까 걱정하지 말라시는 말씀에 마음이 편안해 졌답니다. 입원하여 치료를 하는데 역시 하루 하루 지나면서 열도 내리고 염증 수치도 내려가면서 손자도 몸이 좋아지니까 가만히 있질않고 뛰어놀고 말도 잘하고 하더니 3박 4일후 오늘 퇴원합니다. 너무 감사합니다. 손자를 보는 할머니가 좋은 원장님 만나서 감사드리며 퇴원하는 오늘 행복합니다.
주찬새,2021-11-24 21:56:16-07:00,4,0,첫 사용,"생각보다 많은 정보를 바로 확인가능해서 편리하고 
무엇보다 가족 누군가가 병원에 진료 접수를 하면 팝업이 오니 안심도 되구요
단점을 보자면 병원의 위치가 아직은 정확하지 않고
모두 나오는것 같진 않네요
더 알아봐야겠지만 사용첫날 느낀 점 올려봅니다"
초코시키니,2021-11-23 18:02:33-07:00,5,0,좋아요,병원 갈 때 미리 예약하고 접종기록도 할 수 있어서 좋네요
리틀아우라,2021-11-22 16:04:48-07:00,5,0,똑닥은 구세주💕,아기엄마들 똑닥없었으면 어쩔 🙏💕
좋은건나누자,2021-11-21 03:06:47-07:00,5,0,만족해요,신세계네요 ㅋㅋ
어디로갔나내당근,2021-11-20 16:15:59-07:00,3,0,자주가는 병원 목록이 있으면 좋겠어요,"자주 가는 병원을 즐겨찾기 해놓으면 좋겠어요
매번 검색하기 귀찮네요"
켄쉰,2021-11-20 03:02:08-07:00,5,0,대기상황을 확인할수 있어 편리,가족이 함께 사용할경우 가족정보 공유 및 싱크가 가능한지요
최고의 게임 팔라독!*^^*,2021-11-19 20:35:03-07:00,5,0,이건 무조건 깔아야함 ㅋ,"부모라면 무조건 깔아야 하고.. 
돌봐야하는 사람이 있어도 무조건 깔아야 함^^"
은아-S,2021-11-19 02:02:55-07:00,5,0,영육아검진,도움됩니다
내 리뷰엔 별이 다섯개,2021-11-17 20:27:54-07:00,5,0,굳,하는병원이 더 많아지길 바랍니다..ㅠ
아갑ㄷㄹㄹ,2021-11-16 15:47:09-07:00,5,0,좋아요~~^^,도움많이 되고 있어용
똑똑깜,2021-11-16 02:38:49-07:00,5,0,대기시간을 줄일 수 있어 좋아요,병원에서 길게 대기하다보면 진찰 받으러 갔다 오히려 환자들한테 바이러스 더 옮을것 같았는데  대기 시간을 절약할 수 있어 좋아요
luckyotter,2021-11-15 23:31:02-07:00,5,0,세상 편한 어플,아기 엄마들을 위한 최고의 앱이예요!!!!!
안드맘,2021-11-15 22:42:58-07:00,5,0,편하고 좋아요,좋아요
잠수함포수,2021-11-15 19:08:53-07:00,5,0,굿,똑딱 시스템 너무 좋아요
동크리미,2021-11-14 23:39:47-07:00,4,0,똑딱,아이소아과땜에 잘이용중이예요
전기자웅,2021-11-14 22:01:38-07:00,5,0,전기자웅,최고
ㅗㅗㅕㅕ,2021-11-14 08:25:56-07:00,5,0,정말 좋은데,모든 병원이 사용하진 않네요.
scarlet0928,2021-11-13 14:43:52-07:00,5,0,편리해요,좋아요 시간을 좀 빠르게 했으면 해요
빅토리오영,2021-11-12 19:56:49-07:00,5,0,빅토리오영,ㅇㅇ
호러허러러러,2021-11-11 22:52:15-07:00,5,0,아들 딸 맘,쫗아영
moter으나,2021-11-11 17:23:37-07:00,5,0,너무 좋아요,똑딱어플 자주 애용하고 있어요 너무 좋고 편해요
듀라나,2021-11-11 16:49:28-07:00,5,0,병원 예약 편리해요,집에서 예약하고 병원 방문하니 편해요
뿌우웅우웅,2021-11-11 04:30:24-07:00,5,0,잘쓴느증,빨리 보편화
한우mom,2021-11-10 14:54:25-07:00,5,0,좋아용,굿
danamamm,2021-11-10 04:11:55-07:00,5,0,편해요,병은 병원에서 옮는다고 예약해서 그 시간에 가니 기다리는 시간 없이 너무 좋네요:)
이나미다,2021-11-09 16:10:35-07:00,5,0,이남,좋아요
일년만,2021-11-07 23:10:46-07:00,5,0,좋아요,좋아요
안뉴틀글,2021-11-07 15:08:24-07:00,5,0,굳,굳
미쎄스,2021-11-07 01:43:25-07:00,5,0,좋아요,멀리서 병원 갈때 편해요
민민요,2021-11-06 23:53:09-07:00,5,0,좋네요,좋습니다
억만장자 유박사,2021-11-06 19:08:45-07:00,5,0,간편하게예약되서 넘좋아용,굿굿
댓다고 전해라,2021-11-06 12:13:46-07:00,3,0,외국인은 한글로 변경이 안되나요?,"안녕하세요 아이들이 어리다보니 소아과에 가면 대기가 길어서 미리 예약하고 가려는데 가면 꼭 영어로 나와요 
인증은 영어로 하더라도 한글 이름으로 등재가능할수 잇엇으면 좋겟어요"
우진이마마,2021-11-06 08:33:48-07:00,5,0,잘쓰고있어요,"잘쓰고있어요, 감사합니다^^"
siddd-,2021-11-05 21:50:13-07:00,5,0,너무조아여ㅋㅋ,이런거만들어주셔서 감사합니다
niceufe,2021-11-05 19:10:30-07:00,5,0,이 시국에 병원에서 오래 대기 안하고 편해요.,이 시국에 병원에서 오래 대기 안하고 편해요.
인스타그랭,2021-11-05 18:51:29-07:00,5,0,예약하기 편함,"병원 예약 하기 너무 편합니다
동탄에서는 잘 쓰고 있었는데 서울 병원에서는 
각 병원 마다 다른 어플로 예약하라는 경우도 있어서 불편했는데 똑딱 운영하는 병원으로 바꿔서 다시 잘 쓸 거 같아요"
맥스맘맘,2021-11-05 17:31:18-07:00,5,0,편리함,아이진료 볼때 넘 편리합니다
러브뱌뱌,2021-11-05 17:20:38-07:00,4,0,애들소아과예약하기좋고 잘애용하고있어요,좋아요 ~
Yditta,2021-11-05 16:57:59-07:00,5,0,너무 좋아여,너무 편리하고 좋아요
조랭개굴,2021-11-05 15:26:51-07:00,5,0,조랭이,좋아요
꾸러기 최강 꾸러기,2021-11-05 05:16:56-07:00,5,0,병원 예약하기 좋습니다.,병원 예약이 손쉬워졌어요.
chloe_0602,2021-11-05 01:15:39-07:00,5,0,생활에서 유용한 어플,"이거없었음 늘 20-30명은 기본인 대기에서 시달렸을거에요. 집에서 병원이 거리가 있어서 뚜벅이로는 늘 병원에 늦었는데, 똑딱덕분에 기다리는 시간이 확 줄었어요. 개발자 분들 너무 감사합니다."
최중기,2021-11-04 16:17:35-07:00,5,0,ㅃㅂ,"ㄴㅎ
ㅂㅅ"
텨ㅓㅎ와,2021-11-03 19:23:29-07:00,5,0,좋아요,잘쓰고 있어요
보노보노와동굴,2021-11-03 18:48:23-07:00,5,0,잘 쓰고 있습니다. 감사합니다.,아이 병원 예약할때 잘 쓰고 있어요.
쭈니니닌ㅇ툐카,2021-11-03 16:57:31-07:00,4,0,편해요,짱
소망21,2021-11-02 20:12:01-07:00,5,0,편리해요,병원 예약시 편리해요.
쿠리나,2021-11-01 02:19:29-07:00,4,0,괜찮아요,잘 사용하고 있어요
까꿍이로,2021-10-31 18:23:24-07:00,4,0,좋아용 ㅎㅎㅎ,접수하고 대기까지 알수있어서 너무 좋아요
스누피가좋아,2021-10-31 16:12:41-07:00,5,0,좋아요,편하구 좋아요 :)
감사뭉,2021-10-30 22:56:38-07:00,5,0,잘 사용중인데 문의사항 있습니다.,"요즘 저희 동네 소아과 예약 경쟁이 치열해서 10초도 안돼 마감되곤 합니다... 일주일 넘게 예약 실패하고 친구와 얘기하는데 접수가능시간 전에 접수하기를 누르면 코로나 문진표가 떠서 체크해놓고 접수시간이 되면 다음 진행을 한다고 하더라고요. 
근데 저는 접수시간 전에 접수하기를 누르면 접수시간이 아닙니다 메시지가 뜨고 다음단계로 넘어가지지가 않습니다. 
1초가 아쉬운 상황인데 같은 어플로 이렇게 다르다보니 전 당연히 실패할 수 밖에요..
왜 이런가요? 
혹시 버전차이라면 업뎃 이전으로 돌릴 수가 있나요? 하 ㅠㅠ 애가탑니다. 빠른 답변 부탁드려요."
ㅎ드ㅡ,2021-10-30 22:06:24-07:00,5,0,부모 입장에서,조금이라도 대기 시간이 줄면 얼마나 좋은지 아시죠?
소은이1,2021-10-30 18:05:43-07:00,3,0,ㄴㄴ,ㄴㄴ
하삥,2021-10-30 16:42:46-07:00,5,0,편리해요!,"예약도 편하고, 진료시간도 미리 알려주고 접종이나 영유아검진도 한눈에 보기 좋아요! 아기엄마들 필수앱이네요!"
tledns,2021-10-30 15:29:56-07:00,5,0,편해요,편합니다
헐-.-,2021-10-30 10:53:17-07:00,4,0,편리해요,유용한 어플이에요
디자이너7,2021-10-30 09:09:30-07:00,5,0,좋아요,잘쓰겠습니다
인준 ㅎㅎ,2021-10-29 23:19:07-07:00,5,0,좋아요,편해요!
뱅글이네,2021-10-29 18:16:28-07:00,5,0,편리함그자체,아이들과 병원에서 지루하게 기다리지않아도되고 대기시간체그도되고편리해요
luv티몽,2021-10-29 17:55:11-07:00,5,0,육아앱의 혁명!,아 진짜 쓸말 너무 많은데 옆에서 애기가 찡찡대서 이만 줄입니다ㅠㅠ 정말 최고예요 감사합니다
수댕댕구리11,2021-10-29 17:32:30-07:00,5,0,편리하고 좋아요,편리하고 좋아요
튼블리맘,2021-10-29 17:13:46-07:00,5,0,튼블리맘,좋아요
서밋트리,2021-10-29 17:06:14-07:00,5,0,좋아요~,아주 편리하게 쓰고 있습니다 ~^^
유매덩,2021-10-29 16:58:32-07:00,5,0,☺️,잘쓰고잇어요
유지럽,2021-10-29 16:16:43-07:00,5,0,좋아요,좋아요
by3449,2021-10-28 19:37:20-07:00,5,0,by3449,편하고 좋아요
su29m,2021-10-28 18:21:53-07:00,5,0,편리하네요!,"병원에서 처음보고 다음번 진료 때 사용했는데, 
기다리는 시간을 줄여주고 너무 좋습니다!"
Lunatic01.bk,2021-10-28 17:37:44-07:00,5,0,편해요.,다른 무엇보다 주말 진료 받는 것이 많이 없어 아쉬울 때 그래도 어디서 하는지 알 수 있다는 것과 예약이 기능하단 점이 정말.. 👍
sorisoli,2021-10-28 06:04:46-07:00,5,0,병원 검색 예약 좋아요,병원 찾기도 예약하기도 정말 좋네요
여시코,2021-10-28 03:43:41-07:00,5,1,예약이 편리해요,전화로 예약하는것보다 간호사 분들도 편하고 저도 편해요~ 가능한 날짜 시간 직접 조회해보고 예약을 할 수도 변경을 할 수도 취소를 할 수도 있어서 너무 편리합니다 ^^
양야야야야,2021-10-27 18:32:36-07:00,5,0,좋아요,대기인원이 적어지면 알려주고 좋아요
조아횹!!!!!!,2021-10-27 15:18:57-07:00,5,0,나무 좋아요,최고의 앱이에요
Herrn Kim,2021-10-27 14:56:50-07:00,5,0,굿,예약시 유용하고 대기인원까지 업데이트 좋습ㄴ다
깡~!,2021-10-27 13:44:55-07:00,5,0,너무 편리합니다.,너무 편리합니다
Kkulgomkkulgom,2021-10-27 03:34:41-07:00,5,0,너무 좋아요,제휴 병원 늘어나길!!
플래티넘no1,2021-10-26 21:23:02-07:00,5,0,아주 잘쓰고 있어요,자주가는 병원에 예약할때 아주 좋아요.
I Don’t Wanna Live Forever,2021-10-26 20:19:17-07:00,5,0,에버*디 보다 훨씬 편해요,뒤로가기도 편하고 원하는 시간대 선택하는 것도 완전 편리합니다 다른 병원들도 똑딱으로 예약 되었으면 좋겠네요
하광고또,2021-10-26 17:19:06-07:00,5,0,굿,편리해여
해드미찡,2021-10-26 02:12:52-07:00,5,0,너무 편리합니다,아직 등록 안된 병원들도 더 많이많 등록 되었으면 좋겠어요 너무 편하고 좋아요
박길임,2021-10-26 01:34:42-07:00,5,0,예약시스템 완전 맘에 들어요,저는 어플 처음생겼을때부터 너무 잘 쓰고 있어요
지코야라,2021-10-26 00:54:10-07:00,5,0,조아요,잘쓰고잇어요
지니0지니,2021-10-25 23:53:31-07:00,5,0,편해요,기록도 편하고 병원예약도 되고 마음에 듭니다
boracong,2021-10-25 22:25:24-07:00,5,0,잘쓰고 잇어요,미리 예약할수 잇어서 좋아여
Mm92059205,2021-10-25 20:29:01-07:00,5,0,너무좋아요,편리해요
똗이,2021-10-25 16:19:48-07:00,5,0,편해요,잘쓰고있어요 편해요
아침종결자,2021-10-25 08:04:49-07:00,5,0,똑닥 편리해요,가서 대기하지 않아도 되고 진료내약 다 확인되고 참 편리해요
최단꼬,2021-10-25 03:48:37-07:00,5,0,오늘 KT관련 진료,"오늘 예약하고 진료봤는데요. 
병원미방문으로 예약이 취소됬다고 패널티가 생겼네요ㅜ
예약시간경이 KT 전국전으로 인터넷.먹통으로 서버가.오류 있을때여서 그런거같은데 없애주시나요?"
별명61,2021-10-24 23:45:56-07:00,5,0,너무편리해요,감사합니다
임날쓰,2021-10-24 17:52:46-07:00,5,0,병원예약 편해요!,제목 그대로에요 ㅎㅎ
安妮在韩国,2021-10-24 17:22:25-07:00,5,0,好,好
Vamosgogo1,2021-10-24 16:24:25-07:00,5,0,조아요,편하고 간편핮니다
Ay choi,2021-10-24 15:55:45-07:00,5,0,예약하기 편해요,잘 쓰고 있어요
해와달둥이네,2021-10-24 15:15:02-07:00,5,0,리뷰,이용병원 기록이 저장되어 있어서 좋아요
스라람람,2021-10-24 06:51:26-07:00,4,0,좋아요,잘쓰고있어요!
Dbwizard,2021-10-23 20:50:23-07:00,5,0,놀랍네요 결재에 보험처리까지,"놀랍네요 결재에 보험처리까지
병원 전산화 수준에 따라 다르겠지만
편리에 편리를 도하네요.
굿"
친한친구,2021-10-23 16:29:15-07:00,5,0,너무 좋아요!,진작할걸ㅜ 진심 유용하고 좋은 어플입니다^^
미쳐땅,2021-10-23 14:20:54-07:00,5,0,좋아요,진짜루
내랑마미,2021-10-23 11:29:37-07:00,5,0,좋아요,병원에서 마냥 대기하지 않고 미리 예약후 집에서 대기했다가 가니 정말 편하네요
이쁜오쟁,2021-10-23 03:51:03-07:00,5,0,좋아요,아기키우는집 필수앱이예요 ㅋ ㅋ
제이엄마야,2021-10-22 23:32:22-07:00,5,0,사용하기 넘 편해요,좋으용
짜증나네요증말,2021-10-22 18:21:12-07:00,5,0,기록 다 사라짐,"알아서 업데이트 되더니 기록이 다 사라졌어요
아가 등록해서 성장관리, 접종관리 다 하고 있었는데 다시 아기 등록해도 복원도 안되네요!???,
이게 뭐죠"
율000,2021-10-22 17:02:06-07:00,5,0,너무너무 편하고좋아요,사용하는 병원이 늘었으면 좋겠어요!!
젠장마즐,2021-10-22 16:30:08-07:00,5,0,편한앱,입니다 대기상황도잘맞네요
은정리,2021-10-22 16:28:55-07:00,5,0,너무 잘 쓰고 있습니다~~~,"5세아들 독감예약하고 시간 맞춰가서 바로 접종완료했네요~~~
특히 오후시간에 분비는데 예약하고 가서 편했어요."
콩쥨,2021-10-22 03:25:26-07:00,5,0,간편하고좋아요,간편해요
드플퀸,2021-10-22 02:25:14-07:00,5,0,예약 접수 편하네요,병원 예약 접수하기 편해요
전춘향,2021-10-21 23:53:31-07:00,5,0,너무좋아요 ~^^,똑닥 너무 편리하고좋아요 ~~^^^
애들 맘,2021-10-21 21:52:55-07:00,5,0,완전  편리함,좋아용
가재 융,2021-10-21 19:09:47-07:00,5,0,필수예요  !!!!,아이있는집은 똑닥 없으면 안돼요~ 미리 접수하고 때되면 가면되고 정말 좋아요~ 감사합니다^^
써보뉘,2021-10-21 18:28:18-07:00,1,0,대기중 인원,대기중 인원 업데이트 안됩니다
곽예민,2021-10-21 16:33:05-07:00,4,0,잘쓰고있어요,가끔 오류날때 빼고 잘 쓰고 있어요!!
랭랭랭랭랭랭랭,2021-10-21 00:47:49-07:00,5,0,너무 좋아요,엄지척 !! 병원갈땐 똑딱최고!!!
spring229,2021-10-21 00:35:50-07:00,5,0,잘 사용하고 있습니다.,"가는 병원이 모두 되지는 않지만
잘 사용하고 있습니다."
아밪셔초마빅,2021-10-21 00:27:34-07:00,5,0,너무 잘 사용하고잇어요,너무 잘 사용하고잇어요
닥꼬기0901,2021-10-20 23:44:54-07:00,4,0,잘쓰고 있습니다,^^
Ye yh,2021-10-20 22:11:23-07:00,5,0,똑딱 좋아요,"애들이 샛이다보니 늘 정신 없내요
똑딱 앱으로 병원 예약하고 하니 편하네요"
긍정해지자,2021-10-20 21:27:07-07:00,5,0,소아과 갈때마다 잘 유용하게 쓰고 있습니다.,아이가 어릴수록 병원 자주 가는데 정말 유용하게 잘 쓰고 있습니다.
슈스마마,2021-10-20 21:19:12-07:00,5,0,잘쓰고있습니다,좋아요
미니미니리미리미,2021-10-20 19:56:12-07:00,5,0,잘 쓰고 있어요~,"얼마전에 오류가 나서 너무 당황했어요 ㅠㅠ
잘 쓰고 있었다는걸 다시 한번 느꼈습니다"
"옛다,,별점,,ㅋ",2021-10-20 19:50:09-07:00,5,0,좋아요^^,"병원 이름 바뀐지도 모르게 계속 찾았네요,, 좋긴한데,, 병원이름 바뀐건 좀 변경해줬으면 좋겠어요~"
똑딱최고,2021-10-20 17:13:02-07:00,5,0,기다리는 시간이 줄었어요,기다리기 지루해 하는 아이 데리고 무작정 병원 가서 대기하지 않아도 되서 좋아요~
대여리야,2021-10-20 17:04:45-07:00,5,0,정말 조아요,정말 편리한 애입니다
ㅋㅋㅋㅋㅋㅋㅋㅋㅋㅋ뭐여,2021-10-19 22:53:08-07:00,5,0,좋아요,육아템이에요 편리하고 좋아요
장윤혜,2021-10-19 22:10:58-07:00,4,0,너무 편하네용~~,아기 생애첫 영유아검진 하려고 병원 예약후 갔는데 너무 편하더라구요ㅎㅎ 문진표도 다 작성 할수있게 되어있어 편하구 앞으로 병원 갈때마다 자주 이용할거같네용!ㅎㅎ
검은도르,2021-10-19 20:07:59-07:00,4,0,애있는집은 필수어플!!,애기 있는집은 없음 진짜 안되요~!! 약국 여는데도 알려주니까 진짜 꿀템!!👍🏻❤️
리리리이임,2021-10-19 17:58:42-07:00,5,0,너무편해요,진료 미리 접수해두고 바로바로 진료 보고 주변 약국도 다 알려주고 짱이네요
건강하게 자라다오!!!,2021-10-19 16:22:04-07:00,5,0,편하고 좋아요,편하거 좋아요
개웅개웅,2021-10-19 16:08:13-07:00,5,0,편해요,넘 잘 쓰고 있어요
솔향기 가득한,2021-10-19 08:42:39-07:00,5,0,똑딱,매우 편해서 좋습니다
마석사는 사람,2021-10-19 01:41:25-07:00,5,0,뚝딱,대기시간 줄여줘서 좋아요
잠뽀뽀뽀뽀,2021-10-19 00:32:03-07:00,5,0,병원 예약하기도 편하고 좋으네요,아이가 병원가야할때 잘쓰고 있어요
흑사스,2021-10-19 00:18:32-07:00,4,0,좋아요,간편해용
monomonomie,2021-10-18 23:10:55-07:00,5,0,유용하고 편해요,편리합니다
꾸루리리,2021-10-18 21:48:46-07:00,5,0,좋아요,좋아요 ㅊ편리해여
비오파,2021-10-18 18:44:17-07:00,4,0,좋아요,"병원갈때 항상 요약하는 똑딱!
너무 좋습니다"
Ldj0971,2021-10-18 18:38:28-07:00,5,0,좋아요,좋아요
643966,2021-10-18 05:08:28-07:00,5,0,bb,좋아요
dlgptlr,2021-10-18 03:03:06-07:00,5,0,긋!,편하네여
,2021-10-18 01:42:39-07:00,5,0,사용하고 안하면 불펺해요,편하고 좋아요~~
미나쿤,2021-10-18 00:19:07-07:00,5,0,굿,덕분에 아이건강 관리하기 편해졌어요
Ⓙⓘⓝ,2021-10-17 22:10:25-07:00,5,0,알림이오니까 너무조아요,알아서 알림이오니까 너무조아용😀
삼순엄마,2021-10-17 20:18:55-07:00,5,0,좋아요,좋아요
빽까까,2021-10-17 19:43:02-07:00,5,0,최고입니다!!,병원갈때마다... 대기가 너무 길었는데.... 너무 편해요..
똑딱오리,2021-10-17 19:30:19-07:00,5,0,유용한 어플이예요! 모든 병원에 확대되면 좋겠어요,유용한 어플이예요!
잼나요ㅋㅋㅋㅋㅎㅎ,2021-10-17 18:48:05-07:00,5,0,잘쓰고있어요😊,덕분에 오래기다리지않아서 좋고 병원정보를 바로 볼수있어서 좋아요 감사해요♡
엉뚱ol,2021-10-17 17:35:03-07:00,5,0,편하고 좋아용,똑딱 좋아요 꼭 필요한 어플입니당
bybydjsisjsbdjd,2021-10-17 17:16:01-07:00,5,0,좋아요,좋아요
밍밍이엄마,2021-10-17 17:01:10-07:00,4,0,잘쓰고있어요,알림도 와주니 좋아요
0오렌지주스0,2021-10-17 08:06:13-07:00,5,0,잘쓰고 있어요,예약되서 좋아요
영유마미,2021-10-16 21:58:25-07:00,5,0,기다리지 않아도 되요~,코로나로 병원가기 무서웠는데 똑닥이로 예약하고 바로 진료보고 오니 걱정없네요^^ 고맙습니다~ 똑닥!!
러브스토커,2021-10-16 21:55:41-07:00,5,0,편해요~,영유아 예방접종 등 한눈에 확인할수 있어 좋아요
깜짝ㅇ,2021-10-16 17:32:14-07:00,5,0,좋아요~~,미리 예약해노쿠 방문하니 좋네요
아셋맘~,2021-10-16 16:40:13-07:00,4,0,기다림에 답답하지 않아요~,"일단 접수하니 언제쯤 나가야겠다는 계획도 선명해지고, 막상 병원가서 방문접수한 대기자랑 섞어 얼마나 더 기다려야할지 간호사에게 물어도 바쁜척하며 제대로 답도 안해줘서 기분 나빴어요. 근데 똑닥에서 실시간으로(1~2분의 차이는 있겠지만) 차례가 곧 왔다고 알려주니 기다리는데 넘넘 맘이 편한것 같아요~~"
ㄲㅊㅎ ㄲㅇ,2021-10-16 08:10:21-07:00,5,0,편해요,편해요
쭈쭉쭉맘,2021-10-16 07:58:34-07:00,4,0,다 좋은데,사람들이 접속이 많아지면 멈추거나 로그인 안되는거 ..ㅠㅜ 정말 당황스럽네오
송보배,2021-10-16 01:37:10-07:00,5,0,예방접종,잘보았습니다
투공주원왕자맘,2021-10-15 23:25:30-07:00,5,0,병원 예약 짱,아이들 병원 갈때 예약후 움직이기 완전 좋아요
BK8405,2021-10-15 20:42:42-07:00,5,0,굿,굿
.....우와,2021-10-15 19:48:26-07:00,1,0,왜 로그인이 안되요?,카카오톡간편로그인 했었는데 갑자기 로그아웃 되서 간편로그인 하려니까 카톡 들어가졌다가 바로 똑닥화면으로 넘어와요 다른아이디로 로그인 하면 절차대로 화면 뜨는데 기존에 있던 카톡로그인만 안되요 너무 답답하네요 앱 삭제도 해보고 핸드폰도 껏다 켜보고 하는데 안되요 어쩌라는건지
ieunjung,2021-10-15 19:41:56-07:00,3,0,갑자기 로그인 안됨. 당황스럽네요,"잘 사용하고 있는 사용자입니다. 
대기자가 100명 가까이 되는 주말의 소아과에서 기다리는 수고를 덜어주고 너무 편리하게 이용하고 있었는데 오늘 갑자기 로그인이 오류가 생기더니 이건뭐 계속 가입되있는 사용자라고만 나오고. 
혹시나 앱 삭제하고 탈퇴하고 다시 가입하려고 해도 
그것도 안되고 그냥 90명을 가서 기다리라는건가요?이럴거면 차라리 무료로 누구나 쓸 수 있게 한답시고 관리 소홀히 하지말고 유료로 전환해서 이런 불상사가 없게 해주세요. 갑자기 이러니 정말 난감하네요. 차라리 은행처럼 날짜와 시간 정해서 서버 점검 시간을 미리 고지해주던가 했으면 문열자마자 병원문앞에서 대기라도 했을텐데. 이것만 믿고 있다가 이도저도 안되고 아기는 울고 너무 속상하네요. 오류없이 관리잘 되는 유료 앱으로 전환 검토해주세요."
열심히 사는 뇨자,2021-10-15 19:14:17-07:00,5,0,좋아요,궁금할때 바로바로 물어볼 수 있어서 좋아요
분평사거리,2021-10-15 19:10:57-07:00,1,0,로그인 안됨,"오늘 예약하려고 어플 열엇는데 
자동로그인 되어 잇던거 틩겨서
로그인도 안되고 사용자도 찾을수 없다고 하고
카톡 간편 로그인도 안되고 
답답하네요"
iphoned30,2021-10-15 19:03:49-07:00,4,0,잘 쓰고 있던 중인데 로그인이 안돼요 ..,"요새 병원에 다닐 때 잘 쓰고 있던 어플입니다
갑자기 오늘 접수하려고 보니 앱이 한참동안이나 계속 열리지 않아 삭제했다 다시 깔았는데 
로그인이 안되네요 .. 탈퇴한 뒤 다른 계정으로 회원가입까지 했는데 로그인이 안됩니다 … 

어쩔 수 없이 접수 못하고 병원 가니 대기만 한시간 반이라 돌아왔어요 .. 로그인 오류 문제 해결 부탁드립니다 ㅠㅠ"
구름사이,2021-10-15 18:59:29-07:00,1,0,카톡로그인이 안됨,업데이트 후 로그인을 새로 하라고 하고 카카오톡 로그인을 하면 다시 카카오톡 갔다가 원래 화면우로 돌아옴. 로그인은 안된 상태. 지웎다가 다시해도 마찬가지네요.
쭌쭌네,2021-10-15 18:54:49-07:00,3,0,개선부탁드려요.,"기존에 사용하다가 1년만이 들어온 것 같은데 로그인이 되지 않습니다. 
연동된 sns계정은 클릭하면 해당sns창으로 연결되었다가 튕겨져 나옵니다. 
회원가입을 하려고 하면 기본회원이라 안된다 하고….
아이폰 사용자이고, 어플을 삭제하고 재설치해도 같습니다. 
이제 날이 쌀쌀해져서 아이병원갈일이 많아질 것 같아요. 빠른 개선 부탁드립니다."
free398,2021-10-15 18:37:38-07:00,1,0,한시간 째 로그인도 안되고 ㅠㅠ,공지사항만 띄워 놓으시고 조치가 안되나봐요 ㅠㅠ
Yona@,2021-10-15 18:35:39-07:00,3,0,자꾸 로그아웃되요 ㅠ,"정말 잘 사용하고 있는데 최근 자꾸 로그아웃되고, 카카오간편로그인도 안됩니다 ㅠ
저만 이럴까요?"
Emancum,2021-10-15 18:27:38-07:00,1,0,버그 수정관리좀해라..ㅉ,별 한개도 아깝다!
심쿵하하자매맘,2021-10-15 18:24:55-07:00,3,0,오류 ㅠㅠ,"어플 오류 난건지
되게 안되네요 다시 로그인도 안되고"
명쇼니,2021-10-15 18:23:20-07:00,1,0,로그인이 안돼요,"대기인원 보고 얼른 가야하는데. 로그인 자체가
됐다 안됐다하네요"
dnbeiowoqpcnfir,2021-10-15 18:19:51-07:00,5,0,잘사용하다가 카톡 연동 로그인이 갑자기 안돼여,"로그인이 안돼는건 왜 이럴까요???
방법 없나요???
탈퇴하고 재가입해도 이미 가입된 메일주소로 나와요.........
해결방안 부탁드려요"
은슈장,2021-10-15 18:19:43-07:00,1,0,로그인이 되지 않아요,로그인이 되지 않습니다
Girl_myong_2,2021-10-15 18:13:08-07:00,4,0,새로깔아서 쓰는데 왜 로그인이 안되죠 ㅠㅠㅠ,급한데 아이디랑 비밀벊호 맞게 눌렀는데 로그인하기 버튼이 먹통이에요 ㅠㅠㅠ 비번이나 아이디가 틀렸다는 아무 경고표시도 안뜨구요
이런 실망,2021-10-15 18:10:04-07:00,1,0,토요일아침부터 로그인부터 안되는 어플,"나와 배우자 둘다 각각 로그인부터 안되네요~
덕분에 병원 예약 못하네요 ㅠ"
5678342,2021-10-15 18:08:46-07:00,1,0,로그인 계속 실패,"갑자기 로그아웃되더니 로그인 자체가 안되고
탈퇴후 재가입을 해도 다 안되고
로그인 자체가 안돼요"
ㅇㄹㅎㅇㅎ오,2021-10-15 18:07:50-07:00,1,0,로그인이 안돼요,"로그인도 안되고 찾기도 안되고
가입은 되어있다고 하고 환장"
손요,2021-10-15 18:06:07-07:00,1,0,15.2업댓후 카카오톡 아이디 로그인이 안되요,버그인가요
헌덩이,2021-10-15 18:05:41-07:00,3,0,오류,"병원 갈때 물론 좋긴 한데 오류도 많이 나는것 같네요
카톡 간편로그인으로 로그인하는데 로그아웃 된 이후로 간편 로그인이 안되서 포기하고 현장가서 대기한 경우도 많아요"
minzy1127,2021-10-15 18:05:28-07:00,1,0,네이버 로그인이 안되요,갑자기 로그인을 다시하라고 하더니 네이버 로그인 버튼을 눌러도 아무런 반응이 없어요
제발수정좀해라,2021-10-15 17:42:22-07:00,1,0,서버 좀 늘리세요,"이용하는 사람이 많아서 그런지 로그인 자체가 안됨
심지어 예약잡고 어플 튕겨서 다시 로그인하면 예약이 맨뒤러 가있음ㅋㅋㅋㅋㅋㅋㅋ스트레스 받아서 안 씀 그 시간에 현장접수하는게 더 마음 편할듯"
러블리펫,2021-10-15 17:38:49-07:00,5,0,좋아요,편합니다~ 잘 쓰고 있어요 감사해요
왕코미,2021-10-15 17:31:21-07:00,1,0,회원가입 본인인증 모두 에러나네요,회원가입도 안되고 본인인증 인증해도 계속 1회 본인인증 하라고 나오네요
채원츄,2021-10-15 17:29:34-07:00,3,0,오류,"최근들어 오류가 많네요.
카카오로그인 사용하고 있었는데 로그인도 안되고
비번 찾는건 있는데 아이디 찾는건 안보여요.
지금은 똑딱이 안들어가져요."
아이폰용 리뉴얼 기대할게요,2021-10-15 17:28:07-07:00,1,0,최악,로그인 자체가 안되네요.
ㅇ우어우우랗,2021-10-15 17:22:57-07:00,3,0,로그인이 안되요,"아이디 비번 다 맞는데
로그인하기 눌러도 반응이 없어요
다른 비밀번호 누르면 틀렸다고 나와요
그럼 비번이 맞는데 안되는거 같은데..
어플을 삭제했다 다시 깔아도 안되네요.."
폭스트,2021-10-15 16:08:18-07:00,5,0,예약하고 접수가 너무 편해요!,소아과는 항상 기본 대기1시간인데 미리 접수할수잇어서 너무 좋아요 ㅠㅠ 진심 애기랑 많이 안기다려도되고 감사합니다
수히멩,2021-10-15 07:33:51-07:00,5,0,좋아요,영유아검진 문진도 미리 작성할 수 있고 편해요
딩나122,2021-10-15 03:26:38-07:00,5,0,편맇매요,굿굿
찰떡꽁떡맘,2021-10-15 02:26:13-07:00,5,0,유용하게 잘쓰고있어요,아기들 병원갈일 있을때마다 잘쓰고 있어요
별좀...,2021-10-15 01:09:00-07:00,5,0,편해요!,너무좋아요
hello_o,2021-10-14 23:36:11-07:00,5,0,편편,편해요.
갱갱ㅇ,2021-10-14 23:15:35-07:00,3,0,좋아요^^,접수도 집에서하고 집에서 기다리다가 갈수있어서 편하고 좋아요
주마왕,2021-10-14 19:27:06-07:00,5,0,굿,굿
